{
  "timestamp": "2025-08-26T17:59:39.063025",
  "test_samples": 2000,
  "accuracy": 0.94,
  "precision": 0.9223093371347113,
  "recall": 0.9915708812260536,
  "f1_score": 0.9556868537666176,
  "specificity": 0.8431654676258993,
  "confusion_matrix": [
    [
      586,
      109
    ],
    [
      11,
      1294
    ]
  ],
  "risk_rate": 65.25,
  "model_grade": "Excellent (A+)"
}